Date,Number,Word,First,Last
3/17/2022,#271,MOVIE,M,E
3/16/2022,#270,CATER,C,R
3/15/2022,#269,TEASE,T,E
3/14/2022,#268,SMELT,S,T
3/13/2022,#267,FOCUS,F,S
3/12/2022,#266,TODAY,T,Y
3/11/2022,#265,WATCH,W,H
3/10/2022,#264,LAPSE,L,E
3/9/2022,#263,MONTH,M,H
3/8/2022,#262,SWEET,S,T
3/7/2022,#261,HOARD,H,D
3/6/2022,#260,CLOTH,C,H
3/5/2022,#259,BRINE,B,E
3/4/2022,#258,AHEAD,A,D
3/3/2022,#257,MOURN,M,N
3/2/2022,#256,NASTY,N,Y
3/1/2022,#255,RUPEE,R,E
2/28/2022,#254,CHOKE,C,E
2/27/2022,#253,CHANT,C,T
2/26/2022,#252,SPILL,S,L
2/25/2022,#251,VIVID,V,D
2/24/2022,#250,BLOKE,B,E
2/23/2022,#249,TROVE,T,E
2/22/2022,#248,THORN,T,N
2/21/2022,#247,OTHER,O,R
2/20/2022,#246,TACIT,T,T
2/19/2022,#245,SWILL,S,L
2/18/2022,#244,DODGE,D,E
2/17/2022,#243,SHAKE,S,E
2/16/2022,#242,CAULK,C,K
2/15/2022,#241,AROMA,A,A
2/14/2022,#240,CYNIC,C,C
2/13/2022,#239,ROBIN,R,N
2/12/2022,#238,ULTRA,U,A
2/11/2022,#237,ULCER,U,R
2/10/2022,#236,PAUSE,P,E
2/9/2022,#235,HUMOR,H,R
2/8/2022,#234,FRAME,F,E
2/7/2022,#233,ELDER,E,R
2/6/2022,#232,SKILL,S,L
2/5/2022,#231,ALOFT,A,T
2/4/2022,#230,PLEAT,P,T
2/3/2022,#229,SHARD,S,D
2/2/2022,#228,MOIST,M,T
2/1/2022,#227,THOSE,T,E
1/31/2022,#226,LIGHT,L,T
1/30/2022,#225,WRUNG,W,G
1/29/2022,#224,COULD,C,D
1/28/2022,#223,PERKY,P,Y
1/27/2022,#222,MOUNT,M,T
1/26/2022,#221,WHACK,W,K
1/25/2022,#220,SUGAR,S,R
1/24/2022,#219,KNOLL,K,L
1/23/2022,#218,CRIMP,C,P
1/22/2022,#217,WINCE,W,E
1/21/2022,#216,PRICK,P,K
1/20/2022,#215,ROBOT,R,T
1/19/2022,#214,POINT,P,T
1/18/2022,#213,PROXY,P,Y
1/17/2022,#212,SHIRE,S,E
1/16/2022,#211,SOLAR,S,R
1/15/2022,#210,PANIC,P,C
1/14/2022,#209,TANGY,T,Y
1/13/2022,#208,ABBEY,A,Y
1/12/2022,#207,FAVOR,F,R
1/11/2022,#206,DRINK,D,K
1/10/2022,#205,QUERY,Q,Y
1/9/2022,#204,GORGE,G,E
1/8/2022,#203,CRANK,C,K
1/7/2022,#202,SLUMP,S,P
1/6/2022,#201,BANAL,B,L
1/5/2022,#200,TIGER,T,R
1/4/2022,#199,SIEGE,S,E
1/3/2022,#198,TRUSS,T,S
1/2/2022,#197,BOOST,B,T
1/1/2022,#196,REBUS,R,S
